Nom;Adresse;"Code postal";Ville;Tél.;"Site web";e-mail;Porteur;Latitude;Longitude
"Lab’ du Pensio";"3-5 rue Lashermes";43000;"Le Puy-en-Velay";04-71-06-66-24;http://lab-pensio.iut-lepuy.fr/;rodolphe.crespin@udamail.fr;"Université d’Auvergne";45.040168;3.880227
FormaLab;"Avenue du Dr Durand";43000;"Le Puy en Velay";04-71-09-80-30;http://formalab.fr/;formalab@velay.greta.fr;"Greta du Velay";45.035918;3.890969
SIGMAke;"Campus des Cézeaux";63178;Aubière;04-73-28-80-92;http://sigmake.jimdo.com/;sigmake@sigma-clermont.fr;"SIGMA Clermont";45.757986;3.113277
Poblab;"Zone artisanale de Comblat";15800;Vic-sur-Cère;04-71-50-24-47;http://www.pobrun.com/le-fablab/;pierre-olivier.bonnet@pobrun.com;Pobrun;44.966927;2.611552
ProtoLab;"25 rue Kessler";63000;"Clermont Ferrand";04-73-17-36-18;http://arrieu.wix.com/protolab;esa@esacm.fr;ESACM;45.768239;3.087519
"La COcotte numérique";"4, rue Fg Notre-Dame";15300;Murat;04-71-20-22-62;http://www.cocotte-numerique.fr;fablab@cocotte-numerique.fr;"Communauté de communes du pays de Murat";45.110804;2.869821
ACoLab;"2 bis rue du Clos Perret";63000;"Clermont Ferrand";06-41-21-74-99;http://acolab.fr;contact@acolab.fr;ACoLab;45.794344;3.075424
